 COMPANY NAME , EICHER MOTORS LTD ,,,  ,,,,,,
 LATEST VERSION , 2.10 ,,, PLEASE DO NOT MAKE ANY CHANGES TO THIS SHEET ,,,,,,
 CURRENT VERSION , 2.10 ,,,,,,,,,
,,,,,,,,,,
 META ,,,,,,,,,,
 Number of shares , 27.43 ,,,,,,,,,
 Face Value ,1,,,,,,,,,
 Current Price ,7611,,,,,,,,,
 Market Capitalization ,208780.54,,,,,,,,,
,,,,,,,,,,
,,,,,,,,,,
,,,,,,,,,,
,,,,,,,,,,
,,,,,,,,,,
 PROFIT & LOSS ,,,,,,,,,,
Report Date,Mar-17,Mar-18,Mar-19,Mar-20,Mar-21,Mar-22,Mar-23,Mar-24,Mar-25,Mar-26
 Sales ,7033.36,8964.96,9797.06,9153.58,8720.35,10297.83,14442.18,16535.78,18870.35,23407.56
 Raw Material Cost ,3725.72,4679.07,5269.64,4914.58,5319.85,6107.28,8281.04,9187.35,10470.09,13337.31
 Change in Inventory ,19.61,33.87,210.16,-84.09,205.9,148.59,63.25,197.03,163.51,269.63
 Power and Fuel ,46.02,52.41,66.96,62.86,52.98,55.78,72.97,80.61,89.53,
 Other Mfr. Exp ,173.09,210.76,263.49,256.58,250.85,332.41,397.21,394.36,453.77,
 Employee Cost ,426.28,573.68,702.44,795.78,843.23,821.02,1001.93,1235.69,1391.23,1637.57
 Selling and admin ,412.25,565.66,654.82,667.16,522.52,815.51,1164.58,1384.91,1669.63,
 Other Expenses ,95.3,108.62,145.63,189.64,153.59,136.85,141.98,120.52,237.04,2917.24
 Other Income ,416.44,535.66,700.66,572.42,482.34,495.65,908.14,1521.13,1994.17,2228.89
 Depreciation ,153.81,223.3,300.28,381.54,450.73,451.93,526.21,597.6,729.33,840.37
 Interest ,3.56,5.34,7.33,18.88,16.45,18.78,28.02,50.88,54.34,71.53
 Profit before tax ,2433.38,3115.65,3297.29,2354.89,1798.39,2202.51,3799.63,5202.02,5933.07,7102.06
 Tax ,720.3,935.93,1077.04,527.45,451.5,525.91,885.69,1201.01,1198.63,1586.83
 Net profit ,1667.08,1959.67,2202.73,1827.44,1346.89,1676.6,2913.94,4001.01,4734.44,5515.23
 Dividend Amount ,272.1,299.86,341,341.25,464.61,574.14,1011.95,1396.38,1919.4,2249.26
,,,,,,,,,,
,,,,,,,,,,
,,,,,,,,,,
,,,,,,,,,,
,,,,,,,,,,
,,,,,,,,,,
,,,,,,,,,,
,,,,,,,,,,
 Quarters ,,,,,,,,,,
Report Date,Dec-23,Mar-24,Jun-24,Sep-24,Dec-24,Mar-25,Jun-25,Sep-25,Dec-25,Mar-26
 Sales ,4178.84,4256.04,4393.05,4263.07,4973.12,5241.11,5041.84,6171.59,6114.04,6080.09
 Expenses ,3088.57,3127.4,3227.62,3175.35,3771.93,3983.42,3839.06,4659.69,4557.32,4566.42
 Other Income ,367.58,436.96,456.51,467.53,452.29,628.38,603.17,485.83,464.85,675.04
 Depreciation ,147.54,165.25,168.63,180.06,179.27,201.37,198.06,199.56,211.1,231.65
 Interest ,12.43,15.34,12.27,13.14,13.39,15.54,14.9,19.16,17.27,20.2
 Profit before tax ,1297.88,1385.01,1441.04,1362.05,1460.82,1669.16,1592.99,1779.01,1793.2,1936.86
 Tax ,301.91,314.56,339.58,261.72,290.32,307.01,387.77,409.56,372.59,416.91
 Net profit ,995.97,1070.45,1101.46,1100.33,1170.5,1362.15,1205.22,1369.45,1420.61,1519.95
 Operating Profit ,1090.27,1128.64,1165.43,1087.72,1201.19,1257.69,1202.78,1511.9,1556.72,1513.67
,,,,,,,,,,
,,,,,,,,,,
,,,,,,,,,,
,,,,,,,,,,
 BALANCE SHEET ,,,,,,,,,,
Report Date,Mar-17,Mar-18,Mar-19,Mar-20,Mar-21,Mar-22,Mar-23,Mar-24,Mar-25,Mar-26
 Equity Share Capital ,27.21,27.26,27.28,27.3,27.33,27.34,27.35,27.38,27.42,27.43
 Reserves ,5317.86,7002.81,8891.44,9953.63,11410.75,12580.66,14962.93,18018.15,21269.07,25072.72
 Borrowings ,111.85,150.84,186.76,249,219.25,107.71,288.41,419.44,458.13,513.95
 Other Liabilities ,1552.16,2341.32,2281.35,2219.79,2901.28,3424.12,3918.95,4650.16,5419.79,6549.46
 Total ,7009.08,9522.23,11386.83,12449.72,14558.61,16139.83,19197.64,23115.13,27174.41,32163.56
 Net Block ,872.78,1501.69,1874.58,2377.52,2433.3,2424.28,2689.99,2914.38,3473.47,4384.92
 Capital Work in Progress ,373.77,333.21,449.74,312.17,314.29,504.78,472.07,555.1,491.47,203.08
 Investments ,4987.13,5580.84,4922.52,5748.77,3902.14,7720.58,12320.66,13526.96,14790.9,17495.94
 Other Assets ,775.4,2106.49,4139.99,4011.26,7908.88,5490.19,3714.92,6118.69,8418.57,10079.62
 Total ,7009.08,9522.23,11386.83,12449.72,14558.61,16139.83,19197.64,23115.13,27174.41,32163.56
 Receivables ,50.04,68,84.29,86.76,158.16,302.04,368.92,373.78,549.64,353.51
 Inventory ,335.9,394.64,633.38,572.35,874.6,1132.4,1278.44,1409.64,1563.75,1967.82
 Cash & Bank ,25.06,1212,2965.29,2950.59,5830.36,2722.47,765.58,146.31,263.01,256.04
 No. of Equity Shares ,27210249,27255549,27282570,27304570,273335922,273423102,273481570,273805630,274164080,
 New Bonus Shares ,,,,,,,,,,
 Face value ,10,10,10,10,1,1,1,1,1,1
,,,,,,,,,,
,,,,,,,,,,
,,,,,,,,,,
,,,,,,,,,,
,,,,,,,,,,
,,,,,,,,,,
,,,,,,,,,,
 CASH FLOW: ,,,,,,,,,,
Report Date,Mar-17,Mar-18,Mar-19,Mar-20,Mar-21,Mar-22,Mar-23,Mar-24,Mar-25,Mar-26
 Cash from Operating Activity ,1707.97,2482.25,1575.47,1694.12,1690.97,1527.04,2822.66,3723.71," 3,979.92 ",4804.84
 Cash from Investing Activity ,-1743.58,-2145.02,-659.88,-1508.41,-1625.3,-983.25,-2396.8,-2833.93,-2460.68,-2963.98
 Cash from Financing Activity ,25.29,-262.01,-292.3,-858.25,-14.76,-593.36,-417.44,-844.36," (1,398.67)",-1982.87
 Net Cash Flow ,-10.32,75.22,623.29,-672.54,50.91,-49.57,8.42, 45.42 , 120.57 ,-142.01
,,,,,,,,,,
,,,,,,,,,,
,,,,,,,,,,
,,,,,,,,,,
 PRICE: ,2558.75,2837.27,2054.77,1309.59,2603.95,2457.15,2948.85,4019.3,5347.7,6586
,,,,,,,,,,
 DERIVED: ,,,,,,,,,,
 Adjusted Equity Shares in Cr , 27.21 , 27.26 , 27.28 , 27.31 , 27.33 , 27.34 , 27.35 , 27.38 , 27.42 , 27.43 
