(INR Crores/10 Millions),,,EICHER MOTORS LTD,,,,,,,,Mar-26,<< Latest available quarterly results,,,,,,,,,,,,,
Narration,Mar-17,Mar-18,Mar-19,Mar-20,Mar-21,Mar-22,Mar-23,Mar-24,Mar-25,Mar-26,Last 4 Quarters,Total 10 Yrs,Growth Trends:,10Yr,7Yr,5Yr,3Yr,TTM,,,,,,,
Sales," 7,033 "," 8,965 "," 9,797 "," 9,154 "," 8,720 "," 10,298 "," 14,442 "," 16,536 "," 18,870 "," 23,408 "," 23,408 ",,Sales Growth,14%,13%,22%,17%,0%,,,,,,,
Sales YoY%,,27%,9%,-7%,-5%,18%,40%,14%,14%,24%,0%,,OPM,25%,25%,24%,25%,25%,,,,,,,
Gross Profit,3288.03,4252.02,4317.26,4323.09,3194.6,4041.96,6097.89,7151.4,8236.75,9800.62," 5,785 ",,GP Growth,13%,12%,25%,17%,-41%,,,,,,,
Gross Margin%,46.75%,47.43%,44.07%,47.23%,36.63%,39.25%,42.22%,43.25%,43.65%,41.87%,24.71%,,Sundry Debtors,24%,23%,17%,-1%,,,,,,,,
 Gross Proft YoY % ,,29%,2%,0%,-26%,27%,51%,17%,15%,19%,-41%,,Operating IncomGrowth,11%,10%,27%,19%,0%,,,,,,,
Operating Profit,"2,174 ","2,809 ","2,904 ","2,183 ","1,783 ","2,178 ","3,446 ","4,329 ","4,723 ","5,785 ","5,785 "," 32,314 ",PAT Growth,14%,14%,33%,24%,0%,,,,,,,
Operating Profit Margin (OPM%),31%,31%,30%,24%,20%,21%,24%,26%,25%,25%,25%,,Avg. PE,34.2 ,32.7 ,35.7 ,31.4 ,37.9 ,,,,,,,
OPM YoY %,,29%,3%,-25%,-18%,22%,58%,26%,9%,22%,0%,,NFA,20%,13%,13%,22%,,,,,,,,
Other Income,416.44 ,535.66 ,700.66 ,572.42 ,482.34 ,495.65 ,908.14 ,"1,521.13 ","1,994.17 ","2,228.89 ","2,228.89 ",,Other Assets,33%,14%,20%,39%,,,,,,,,
OI YoY%,,29%,31%,-18%,-16%,3%,83%,67%,31%,12%,0%,,CFO,11%,17%,23%,42%,,,,,,,,
EBITDA,"2,591 ","3,344 ","3,605 ","2,755 ","2,266 ","2,673 ","4,354 ","5,851 ","6,717 ","8,014 ","8,014 "," 42,169 ",FCF,8%,#REF!,37%,68%,,,,,,,,
EBIDTA%,37%,37%,37%,30%,26%,26%,30%,35%,36%,34%,34%,,Assets Growth,20%,13%,13%,18%,,,,,,,,
EBITDA YoY%,,29%,8%,-24%,-18%,18%,63%,34%,15%,19%,0%,,EBIDTA,13%,12%,29%,23%,200%,,,,,,,
Interest,4 ,5 ,7 ,19 ,16 ,19 ,28 ,51 ,54 ,71.53 ,72 , 275 ,Debt,18%,16%,19%,21%,377%,,,,,,,
Depreciation,154 ,223 ,300 ,382 ,451 ,452 ,526 ,598 ,729 ,840 ,840 ," 4,655 ",Dividents,26%,31%,37%,31%,292%,,,,,,,
Profit before tax (PBT),"2,433 ","3,116 ","3,297 ","2,355 ","1,798 ","2,203 ","3,800 ","5,202 ","5,933 ","7,102.06 ","7,102.06 ",,Eps Trend,14%,14%,32%,24%,0%,,,,,,,
PBT %,35%,35%,34%,26%,21%,21%,26%,31%,31%,30%,30%,,Owner Earnings,-273%,19%,-284%,15%,,,,,,,,
PBT YoY%,,28%,6%,-29%,-24%,22%,73%,37%,14%,20%,0%,,CMP," 7,611 ",,,,,,,,,,,
Tax,720.30 ,935.93 ,"1,077.04 ",527.45 ,451.50 ,525.91 ,885.69 ,"1,201.01 ","1,198.63 ","1,586.83 ","1,586.83 ","9,110.29 ",P/E, 37.9 ,,,,,,,,,,,
Tax%,30%,30%,33%,22%,25%,24%,23%,23%,20%,22%,22%,,P/B, 8.3 ,Sustainibility of Nos,,,,,,,,,,
Net profit after tax (PAT),"1,667.08","1,959.67","2,202.73","1,827.44","1,346.89","1,676.60","2,913.94","4,001.01","4,734.44","5,515.23"," 5,515 "," 27,845 ",P/E*P/B, 314.9 ,,,,,,,,,,,
NPM YoY%,,18%,12%,-17%,-26%,24%,74%,37%,18%,16%,0%,,Div Yield,1.1%,,,,,,,,,,,
Net Profit Margin (NPM%),24%,22%,22%,20%,15%,16%,20%,24%,25%,24%,24%,,Market Cap,"208,781 ",,,,,,,,,,,
EPS,61.27,71.89,80.75,66.91,49.28,61.32,106.54,146.13,172.66,201.07,201,,,,,,,,,,,,,,
Growth  %,,17.34%,12.32%,-17.13%,-26.35%,24.43%,73.74%,37.16%,18.16%,16.45%,0.00%,,"18,975 ",Total Retained Earnings (RE) in 10 Yrs (A),,,,,,,,,,,
Cash from Operating Activity (CFO)," 1,708 "," 2,482 "," 1,575 "," 1,694 "," 1,691 "," 1,527 "," 2,823 "," 3,724 "," 3,980 "," 4,805 ",," 26,009 ","139,157 ",Total increase in Mcap in 10 yrs (B),,,,,,,,,,,
Capex (NFA+WIP change+Dep),, 812 , 790 , 747 , 509 , 633 , 759 , 905 ," 1,225 "," 1,463 ",," 7,843 ",7.33 ,Value created per INR of RE (B/A),,,,,,,,,,,
FCF,," 1,671 ", 786 , 947 ," 1,182 ", 894 ," 2,063 "," 2,819 "," 2,755 "," 3,341 ",,,"4,669 ",Rise in PBT with Retained Earnings,,,,,,,,,,,
Cash Profit,"1,820.89","2,182.97","2,503.01","2,208.98","1,797.62","2,128.53","3,440.15","4,598.61","5,463.77","6,355.60",Capex to Depriciation,168.48%,Compunding Multiplier,0.79,1.30,0.63,1.30,#DIV/0!,,,,,,,
Capex %,0.00%,9.05%,8.06%,8.16%,5.83%,6.15%,5.26%,5.47%,6.49%,6.25%,," 11,478.09 ",significant diffrence from 0.8 to 1.2 needs deep check,,,,,,,,,,,,
Capex to  Depriciation,0.00%,363.48%,262.99%,195.76%,112.85%,140.15%,144.28%,151.44%,167.93%,174.14%,," (3,635.35)",,,,,,,,,,,,,
Total Debt (D), 112 , 151 , 187 , 249 , 219 , 108 , 288 , 419 , 458 , 514 ,FCF,"18,166 ",Growth Capex,FCF TO PAT,,,,,,,,,,,
Cash + Investments (CI +NCI),"5,012 ","6,793 ","7,888 ","8,699 ","9,733 ","10,443 ","13,086 ","13,673 ","15,054 ","17,752 ",Defficient," 9,296 ",Maitaince Capex,65.24%,,,,,,,,,,,
NOPAT,2174.31,2808.63,2904.24,2182.89,1783.23,2177.57,3445.72,4329.37,4722.57,5785.07,Cash+Investments,"17,752 ",0,"Closing share price on March 31, 10 years back",,,,,,,,,,,
Invested Capital,445 ,388 ,"1,218 ","1,531 ","1,925 ","2,273 ","2,192 ","4,792 ","6,701 ","7,862 ",FCF/CFO,70%,Tot Div," 8,869.95 ",,,,,,,,,,,
Capital Employed,5456.92,7180.91,9105.48,10229.93,11657.33,12715.71,15278.69,18464.97,21754.62,25614.1,SG to Capex,0.47 ,Rise in Debt,, 402 ,,,,,,,,,,
Self-Sustainable Growth Rate (SSGR),,,,90%,51%,32%,32%,50%,65%,68%,CFO / PAT,93.41%,,,,,,,,,,,,,
Capex Ratio,102.08%,86.41%,41.88%,89.04%,96.12%,64.39%,84.91%,76.11%,61.83%,61.69%,Capex to CFO,30.15%,,,,,,,,,,,,,
Equity Ratio,#REF!,73.83%,78.32%,80.17%,78.57%,78.12%,78.08%,78.07%,78.37%,78.04%,CFO/EBIDTA,61.68%,Average,,,,,,,,,,,,
"PBT/Avg. NFA (<10%,>25%), ROA",,37.69%,31.54%,19.76%,13.32%,14.35%,21.50%,24.59%,23.60%,23.94%,22.08%,,22.75%,,,,,,,,,,,,
"ROE on Avg Equity (<7%,>25%)",,31.67%,27.62%,19.34%,12.58%,13.94%,21.12%,24.22%,24.07%,23.77%,21.97%,,22.01%,,,,,,,,,,,,
"ROCE (EBIT on Avg CE/TA) (<10%,>35%)",,49.39%,40.58%,24.55%,16.58%,18.23%,27.35%,31.13%,29.77%,30.29%,30.29%,,28.84%,,,,,,,,,,,,
ROIC,385.76%,562.64%,182.74%,120.35%,70.61%,74.40%,133.89%,84.32%,71.30%,70.86%,70.86%,Post Tax,105.41%,,,,,,,,,,,,
Inventory to Sales,4.78%,4.40%,6.47%,6.25%,10.03%,11.00%,8.85%,8.52%,8.29%,8.41%,,,8.12%,,,,,,,,,,,,
Ac Recivable to Sales,0.71%,0.76%,0.86%,0.95%,1.81%,2.93%,2.55%,2.26%,2.91%,1.51%,,,1.84%,,,,,,,,,,,,
Incremental ROE 3Yr Rolling,,,,3%,-12%,-12%,31%,68%,55%,36%,,,,,,,,,,,,,,,
Divident Cover Ratio,0.23,0.24,0.24,0.20,0.11,0.11,0.11,0.10,0.09,0.09,Divident Paid from Eps Cover,,,,,,,,,,,,,,
Net Fixed Asset Turnover (High is better),, 7.55 , 5.80 , 4.31 , 3.63 , 4.24 , 5.65 , 5.90 , 5.91 , 5.96 ,,,Div Growth,26%,31%,37%,31%,,,,,,,,
Receivables days (Low is better),, 2 , 3 , 3 , 5 , 8 , 8 , 8 , 9 , 7 ,Ope Profit/Ope Cash F,,Growth,50%,,40%,,,,,,,,,
Inventory Turnover (High is better),,24.54,19.06,15.18,12.05,10.26,11.98,12.30,12.69,13.26,sG to Capex,,NEW PAT,8272.85,,7721.32,,,,,,,,,
Net Fixed Assets (NFA),873 ,"1,502 ","1,875 ","2,378 ","2,433 ","2,424 ","2,690 ","2,914 ","3,473 ","4,385 ",4823.412,,DIFFRENCE,,551.52,,,,,,,,,,
Capital Work in Progress (CWIP),374 ,333 ,450 ,312 ,314 ,505 ,472 ,555 ,491 ,203 ,,,DEBT EFFECT,,15.37%,,,,,,,,,,
Share Capital,27.21,27.26,27.28,27.30,27.33,27.34,27.35,27.38,27.42,27.43,,,DEBT REQUIRED,,3587.31,,,,,,,,,,
Dividend Paid (Div) Without DDT, 272 , 300 , 341 , 341 , 465 , 574 ," 1,012 "," 1,396 "," 1,919 "," 2,249 ",Total Div 10 Yrs," 8,870 ",Debt,18%,16%,19%,21%,,,,,,,,
Dividend Payout (Div/PAT),16%,15%,15%,19%,34%,34%,35%,35%,41%,41%,,,Book Value,19%,16%,17%,19%,,,,,,,,
Retained Earnings (RE=PAT-Div),"1,395 ","1,660 ","1,862 ","1,486 ",882 ,"1,102 ","1,902 ","2,605 ","2,815 ","3,266 ",,,,,,,,,,,,,,,
Retention Ratio,84%,85%,85%,81%,66%,66%,65%,65%,59%,59%,,,,,,,,,,,,,,,
Divident Yeild,0.39%,0.39%,0.61%,0.95%,0.65%,0.85%,1.25%,1.27%,1.31%,1.25%,,,Retention CAGR,10%,8%,30%,20%,196%,,,,,,,
Earnings Yeild,2.39%,2.53%,3.93%,5.11%,1.89%,2.50%,3.61%,3.64%,3.23%,3.05%,2.64%,PE to Growth,,,,,,,,,,,,,
P/E Ratio, 41.8 , 39.5 , 25.4 , 19.6 , 52.8 , 40.1 , 27.7 , 27.5 , 31.0 , 32.8 , 37.9 ,1.12,Lower the Better,,,,,,,,,,,,
P/S, 9.9 , 8.6 , 5.7 , 3.9 , 8.2 , 6.5 , 5.6 , 6.7 , 7.8 , 7.7 , 8.9 ,,,,,,,,,,,,,,
P/B, 13.0 , 11.0 , 6.3 , 3.6 , 6.2 , 5.3 , 5.4 , 6.1 , 6.9 , 7.2 ,,,,,,,,,,,,,,,
P/Cf, 40.8 , 31.2 , 35.6 , 21.1 , 42.1 , 44.0 , 28.6 , 29.6 , 36.8 , 37.6 , 43.5 , TTM ,TAX Cagr,9%,6%,29%,21%,0%,,,,,,,
P/Fcf,, 46.3 , 71.3 , 37.8 , 60.2 , 75.2 , 39.1 , 39.0 , 53.2 , 54.1 ,,,PBT Cagr,13%,12%,32%,23%,0%,,,,,,,
PEG Ratio,,,,,,,,1.96,2.21,2.34,2.70,,Depriciation Cagr,21%,16%,13%,17%,0%,,,,,,,
Enterprise Value," 64,723.2 "," 70,702.0 "," 48,353.1 "," 27,314.5 "," 61,652.7 "," 56,843.1 "," 67,853.2 "," 96,794.6 "," 132,038.2 "," 163,416.0 "," 191,542.5 ",,Other Income Cagr,20%,18%,36%,35%,0%,,,,,,,
EV/EBIDTA, 25.0 , 21.1 , 13.4 , 9.9 , 27.2 , 21.3 , 15.6 , 16.5 , 19.7 , 20.4 , 23.8 ,,Interest Cost Cage,40%,38%,34%,37%,0%,,,,,,,
Sales / Equity, 1.3 , 1.3 , 1.1 , 0.9 , 0.8 , 0.8 , 1.0 , 0.9 , 0.9 , 0.9 , 0.9 ,,,,,,,,,,,,,,
Mcap," 69,624 "," 77,344 "," 56,054 "," 35,765 "," 71,166 "," 67,178 "," 80,651 "," 110,048 "," 146,634 "," 180,654 ","208,781 ",390 ,Mcap Cagr,11%,18%,20%,31%,16%,,,,,,,
Cash + Investments (CI +NCI),"5,012 ","6,793 ","7,888 ","8,699 ","9,733 ","10,443 ","13,086 ","13,673 ","15,054 ","17,752 ","17,752 ",,,,,,,,,,,,,,
Stock Price,2558.75,2837.27,2054.77,1309.59,2603.95,2457.15,2948.85,4019.30,5347.70,6586.00,7611.39,,RE * ROE,,,,,,,,,,,,
,,,,,,,Fair Value PE average year,,,22.12,,,,,,,,,,,,,,,
Earnings Power Value,,,,,,,,,,,,,,,,,,,,,,,,,
NOPAT,1530.70,1964.93,1955.59,1693.96,1335.54,1657.62,2642.53,3329.83,3768.49,4492.50,4492.50,,,,,,,,,,,,,,
Depriciation  - Maintaince Capex,-38.45,-55.83,-75.07,-95.39,-112.68,-112.98,-131.55,-149.40,-182.33,-210.09,-210.09,CMP," 7,611 ",,TTM,,,,,,,,,,
,,,,,,,,,,,,NOPAT / EV,3.02%,,No Pat / Enterprise Value,,,,,,,,,,
Adjusted Earnings,1492.24,1909.10,1880.52,1598.58,1222.85,1544.63,2510.97,3180.43,3586.16,4282.41,4282.41,,,,,,,,,,,,,,
EPV,421.86,538.72,530.26,450.27,344.18,434.59,706.22,893.53,"1,006.05","1,200.93","1,200.93",5ySales," 16,711 ",,,,,,,,,,,,
Book Value,196.44,257.89,326.93,365.47,418.52,461.16,548.09,659.08,776.68,915.06,915.06,5yPPx," 1,811 ",,,,,,,,,,,,
EPV+Book (Per Share Basis),618.30,796.61,857.19,815.73,762.70,895.75,"1,254.31","1,552.61","1,782.73","2,115.99","2,115.99",multiplier,10.84%,,,,,,,,,,,,
Maintaince Capex,,,,,,-180.01,-183.52,-2.54,306.04,419.64,438.49,,,,,,,,,,,,,,
,,,,,,,,,,,,,,,,,,,,,,,,,
Operating CF/Operating Profits,,88.38%,54.25%,77.61%,94.83%,70.13%,81.92%,86.01%,84.27%,83.06%,,,,,,,,,,,,,,,
Total Debt (D), 112 , 151 , 187 , 249 , 219 , 108 , 288 , 419 , 458 , 514 ,,,,,,,,,,,,,,,
Total Equity (E),"5,345 ","7,030 ","8,919 ","9,981 ","11,438 ","12,608 ","14,990 ","18,046 ","21,296 ","25,100 ","25,100 ",,BV CAGR,19%,16%,17%,19%,0%,,,,,,,
Equity,27.21 ,27.26 ,27.28 ,27.30 ,27.33 ,27.34 ,27.35 ,27.38 ,27.42 ,27.43 ,,,,,,,,,,,,,,,
Debt to Equity ratio (D/E),0.0,0.0,0.0,0.0,0.0,0.0,0.0,0.0,0.0,0.0,,,,,,,,,,,,,,,
Cost of funds,13.0%,,,,,,,,,,,,,,,,,,,,,,,,
Interest outgo (Rs. Cr.),,17,22,28,30,21,26,46,57,63,,,,,,,,,,,,,,,
Interest Coverage (OP/Int. Out),,164.5,132.3,77.1,58.6,102.5,133.8,94.1,82.8,91.6,,,,,,,,,,,,,,,
No. of Equity Shares, 27.21 , 27.26 , 27.28 , 27.31 , 27.33 , 27.34 , 27.35 , 27.38 , 27.42 , 27.43 , 27.43 ,,,,,,,,,,,,,,
,Mar-17,Mar-18,Mar-19,Mar-20,Mar-21,Mar-22,Mar-23,Mar-24,Mar-25,Mar-26,,Total 10 Yrs,,,,,,,,,,,,,
Cash from Operating Activity (CFO)," 1,708 "," 2,482 "," 1,575 "," 1,694 "," 1,691 "," 1,527 "," 2,823 "," 3,724 "," 3,980 "," 4,805 ",," 26,009 ",,,,,,,,,,,,,
Cash from Investing Activity (CFI),"(1,744)","(2,145)",(660),"(1,508)","(1,625)",(983),"(2,397)","(2,834)","(2,461)","(2,964)",,"(19,321)",,,,,,,,,,,,,
Cash from Financing Activity (CFF),25 ,(262),(292),(858),(15),(593),(417),(844),"(1,399)","(1,983)",,"(6,639)",FALSE,,,,,,,,,,,,
Cash from Financing Activity,25.29,-262.01,-292.3,-858.25,-14.76,-593.36,-417.44,-844.36,-1398.67,-1982.87,,"(6,639)",,,,,,,,,,,,,
Net Cash Flow (CFO+CFI+CFF),(10),75 ,623 ,(673),51 ,(50),8 ,45 ,121 ,(142),,49 ,,,,,,,,,,,,,
Cash & Eq. at the end of year,25 ,"1,212 ","2,965 ","2,951 ","5,830 ","2,722 ",766 ,146 ,263 ,256 ,,,a-b-c,,,,,,,,,,,,
Owner Earnings, -36 ," 1,699 "," 1,502 ", -268 , -240 ," 1,656 "," 3,348 "," 2,366 "," 3,165 "," 5,040 ",," 18,232 ",CFO - Maintaince Capex,,,,,,,,,,,,
Total Retained Earnings (RE) in 10 Yrs (A),"18,975 ",,,,,,,,,,,72.64%,Owner Earnings to Equity,,,,,,,,,,,,
Total increase in Mcap in 10 yrs (B),"139,157 ",,,,,,,,,,,,,,,,,,,,,,,,
Value created per INR of RE (B/A),7.33 ,,,,,,,,,Source: Screener,,,,,,,,,,,,,,,
,,,,,,,,,,,,,,,,,,,,,,,,,
,,,,,,,,,,,,,,,,,,,,,,,,,
Management,,,,,,,,,,,,,,,,,,,,,,,,,
CFO/EBIDTA,65.93%,74.22%,43.70%,61.49%,74.64%,57.12%,64.83%,63.65%,59.25%,59.96%,,,,,,,,,,,,,,,
OI YoY%,,29%,31%,-18%,-16%,3%,83%,67%,31%,12%,0%,,Large Fluctuations are earnings smoothing effect,,,,,,,,,,,,
PBT/NFA,278.81%,207.48%,175.89%,99.05%,73.91%,90.85%,141.25%,178.49%,170.81%,161.97%,,,,,,,,,,,,,,,
,,,,,,,,,,,,,,,,,,,,,,,,,
CROIC,,23.26%,8.63%,9.26%,10.14%,7.03%,13.51%,15.27%,12.66%,13.05%,,>13%,Higher the Better,,,,,,,,,,,,
FCF,," 1,671 ", 786 , 947 ," 1,182 ", 894 ," 2,063 "," 2,819 "," 2,755 "," 3,341 ",,,,,,,,,,,,,,,
Fcf % to sales,,18.63%,8.02%,10.35%,13.56%,8.68%,14.29%,17.05%,14.60%,14.27%,,,,,,,,,,,,,,,
Price to Fcf,,46.30,71.34,37.76,60.19,75.17,39.09,39.04,53.22,54.07,,,,,,,,,,,,,,,
FCF Conversion,,85%,36%,52%,88%,53%,71%,70%,58%,61%,,,,,,,,,,,,,,,
Divident Cover, -   , 6 , 2 , 3 , 3 , 2 , 2 , 2 , 1 , 1 ,,,,,,,,,,,,,,,
Depreciation % of NFA,18%,15%,16%,16%,19%,19%,20%,21%,21%,19%,,Slow Depriciation to Industry Could give boast to income,,,,,,,,,,,,,
Depreciation % of Sales,2.19%,2.49%,3.07%,4.17%,5.17%,4.39%,3.64%,3.61%,3.86%,3.59%,%,Capital Emloyed,,,,,,,,,,,,,
,,,,,,,,,,,,,,,,,,,,,,,,,
DU Point Analysis,,,,,,,,,,,,,,,,,,,,,,,,,
PAT / SALES,23.70%,21.86%,22.48%,19.96%,15.45%,16.28%,20.18%,24.20%,25.09%,23.56%,,Margin,,,,,,,,,,,,,
Sales / Total Assets,1.00,0.94,0.86,0.74,0.60,0.64,0.75,0.72,0.69,0.73,,Capital Turn,,,,,,,,,,,,,
Total Assets / Sharehodlers Equity,1.31,1.35,1.28,1.25,1.27,1.28,1.28,1.28,1.28,1.28,,Leverage,,,,,,,,,,,,,
,,,,,,,,,,,,,,,,,,,,,,,,,
Du Point ROE,31.19%,27.88%,24.70%,18.31%,11.78%,13.30%,19.44%,22.17%,22.23%,21.97%,,,,,,,,,,,,,,,
,,,,,,,,,,,,,,,,,,,,,,,,,
Assets to Equity * ROA = ROE,40.90%,37.76%,31.53%,22.84%,14.99%,17.02%,24.89%,28.40%,28.37%,28.16%,,,,,,,,,,,,,,,
EBIT MARGIN,34.65,34.81,33.73,25.93,20.81,21.57,26.50,31.77,31.73,30.65,ebit * capital turn = roce,,,,,,,,,,,,,,
Capital Turn Ratio,15.81,23.10,8.05,5.98,4.53,4.53,6.59,3.45,2.82,2.98,Generation of every 1 rs Invesred,,,,,,,,,,,,,,
Networth / Shares Outstanding,196.44,257.89,326.93,365.47,418.52,461.16,548.09,659.08,776.68,915.06,915.06,,,,,,,,,,,,,,
,,,,,,,,,,,,,Through Retention Internal Compunding,,,,,,,,,,,,
Inventory / Assets,4.79%,4.14%,5.56%,4.60%,6.01%,7.02%,6.66%,6.10%,5.75%,6.12%,,,,,,,,,,,,,,,
Inventory Holding,,15,19,24,30,36,30,30,29,28,,,,,,,,,,,,,,,
Average Collection,, 2 , 3 , 3 , 5 , 8 , 8 , 8 , 9 , 7 ,,,,,,,,,,,,,,,
Average Payments,,0 ,0 ,1 ,1 ,0 ,0 ,0 ,1 ,0 ,,,,,,,,,,,,,,,
,,,,,,,,,,,,,,,,,,,,,,,,,
CCP,, 17 , 22 , 27 , 35 , 43 , 39 , 38 , 37 , 34 ,,,,,,,,,,,,,,,
WC % of Revenue,-16.58%,-20.96%,-15.96%,-17.05%,-21.43%,-19.32%,-15.73%,-17.34%,-17.52%,-18.06%,,,,,,,,,,,,,,,
,,,,,,,,,,,,,,,,,,,,,,,,,
Gearing,,,,,,,,,,,,,,,,,,,,,,,,,
Assets to Equity,1.31,1.35,1.28,1.25,1.27,1.28,1.28,1.28,1.28,1.28,,< 3 looks ok,,,,,,,,,,,,,
Gross Gearing (% Debt to equity),2.09%,2.15%,2.09%,2.49%,1.92%,0.85%,1.92%,2.32%,2.15%,2.05%,,Total Borrowing to Equity,,,,,,,,,,,,,
Net Gearing,1.62%,-15.09%,-31.15%,-27.07%,-49.06%,-20.74%,-3.18%,1.51%,0.92%,1.03%,,Gross debt - Cash / Equity,,,,,,,,,,,,,
,,,,,,,,,,,,,,,,,,,,,,,,,
,,,,,,,,,,,,,,,,,,,,,,,,,
,,,,,,,,,,,,,,,,,,,,,,,,,
Variable Cost,58.52%,57.85%,58.86%,62.54%,68.73%,66.87%,63.28%,59.70%,58.99%,57.80%,,,,,,,,,,,,,,,
Fixed Cost,6.84%,7.13%,7.54%,9.08%,7.36%,8.88%,8.66%,8.53%,9.33%,11.54%,,,,,,,,,,,,,,,
,,,,,,,,,,,,,,,,,,,,,,,,,
BEP Sales,30.03%,30.48%,33.02%,41.33%,44.27%,44.46%,38.72%,35.46%,36.36%,36.81%,,,,,,,,,,,,,,,
Contribution,3697.67,4803.01,5371.28,4664.47,4035.76,4779.01,7059.56,8985.98,10468.41,12568.77,,,Sales - VC,,,,,,,,,,,,
Operating Leverage,1.70,1.71,1.85,2.14,2.26,2.19,2.05,2.08,2.22,2.17,,,Contribution / Operating Profit,,,,,,,,,,,,
,,,,,,,,,,,,,,,,,,,,,,,,,
% Change in OPM,,29.17%,3.40%,-24.84%,-18.31%,22.11%,58.24%,25.64%,9.08%,22.50%,,,,,,,,,,,,,,,
% Change in Sales,,27.46%,9.28%,-6.57%,-4.73%,18.09%,40.24%,14.50%,14.12%,24.04%,,,,,,,,,,,,,,,
Degree of Operating Leverage,,1.06,0.37,3.78,3.87,1.22,1.45,1.77,0.64,0.94,,,,,,,,,,,,,,,
,,,,,,,,,,,,,,,,,,,,,,,,,
,,,,,,,,,,,,,,,,,,,,,,,,,
Calculation of Maintenance Capex,,,,,,,,,,,,,,,,,,,,,,,,,
(Rs Crore),,,,,,,,,,,,,,,,,,,,,,,,,
Fixed Assets (PPE), 873 ," 1,502 "," 1,875 "," 2,378 "," 2,433 "," 2,424 "," 2,690 "," 2,914 "," 3,473 "," 4,385 ",,,,,,,,,,,,,,,
Net Sales," 7,033 "," 8,965 "," 9,797 "," 9,154 "," 8,720 "," 10,298 "," 14,442 "," 16,536 "," 18,870 "," 23,408 ",,,,,,,,,,,,,,,
PPE/Sales, 0.12 , 0.17 , 0.19 , 0.26 , 0.28 , 0.24 , 0.19 , 0.18 , 0.18 , 0.19 ,,,,,,,,,,,,,,,
Change in Sales,," 1,932 ", 832 , -643 , -433 ," 1,577 "," 4,144 "," 2,094 "," 2,335 "," 4,537 ",,,,,,,,,,,,,,,
Total Capex," 1,744 "," 2,145 ", 660 ," 1,508 "," 1,625 ", 983 ," 2,397 "," 2,834 "," 2,461 "," 2,964 ",,,,,,,,,,,,,,,
Growth Capex, -   ," 1,362 ", 587 , -454 , -305 ," 1,112 "," 2,922 "," 1,476 "," 1,646 "," 3,199 ",,,,,,,,,,,,,,,
Maintenance Capex," 1,744 ", 783 , 73 ," 1,962 "," 1,931 ", -129 , -525 ," 1,358 ", 815 , -235 ,,,,,,,,,,,,,,,
,,,,,,,,,,,,,,,,,,,,,,,,,
ROA NBFC / BANKS,215.00%,93.03%,53.21%,45.56%,17.03%,30.54%,78.44%,65.39%,56.24%,54.72%,,,,,,,,,,,,,,,
NIM,,,,,,,,,,,,,,,,,,,,,,,,,
,,,,,,,,,,,,,,,,,,,,,,,,,
Sales,7033.36,8964.96,9797.06,9153.58,8720.35,10297.83,14442.18,16535.78,18870.35,23407.56,,,,,,,,,,,,,,,
Add Spends,108.69,75.51,55.58,48.94,56.33,40.97,30.59,27.18,16.79,15.05,,,,,,,,,,,,,,,
,,,,,,,,,,,,,,,,,,,,,,,,,
%,1.55%,0.84%,0.57%,0.53%,0.65%,0.40%,0.21%,0.16%,0.09%,0.06%,,,,,,,,,,,,,,,
